"username1","user1@domain.com"
"username2","user2@domain.com"
"username3","user3@domain.com"
"username4","user4@domain.com"
"username5","user5@domain.com"
"username6","user6@domain.com"
"username7","user7@domain.com"
"username8","user8@domain.com"
"username9","user9@domain.com"
"username10","user10@domain.com"
"username11","user11@domain.com"
"username12","user12@domain.com"
"username13","user13@domain.com"
"username14","user14@domain.com"
"username15","user15@domain.com"
"username16","user16@domain.com"
"username17","user17@domain.com"
"username18","user18@domain.com"
"username19","user19@domain.com"
"username20","user20@domain.com"
"username21","user21@domain.com"
"username22","user22@domain.com"
"username23","user23@domain.com"
"username24","user24@domain.com"
"username25","user25@domain.com"
"username26","user26@domain.com"
"username27","user27@domain.com"
"username28","user28@domain.com"
"username29","user29@domain.com"
"username30","user30@domain.com"
"username31","user31@domain.com"
"username32","user32@domain.com"
"username33","user33@domain.com"
"username34","user34@domain.com"
"username35","user35@domain.com"
"username36","user36@domain.com"
"username37","user37@domain.com"
"username38","user38@domain.com"
"username39","user39@domain.com"
"username40","user40@domain.com"

